{
  "metadata": {
    "timestamp": "2026-04-27T12:34:09.185986+00:00",
    "pred_dir": "/home/mattwood/mnt_jeanzay/gazeVLM/output/results_benchmark/minicpmo45",
    "datasets_dir": "/home/mattwood/mnt_jeanzay/gazeVLM/hf_datasets"
  },
  "results": {
    "affwild2-omni_au_val": {
      "n_samples": 2804,
      "n_valid": 2688,
      "n_metric_valid": 2688,
      "n_parse_failures": 116,
      "format_compliance_rate": 0.9586,
      "metrics": {
        "f1_AU1": 0.35826771653543305,
        "f1_AU2": 0.2585590189064895,
        "f1_AU4": 0.09454545454545454,
        "f1_AU6": 0.3685092127303183,
        "f1_AU7": 0.4063132335087009,
        "f1_AU10": 0.3492063492063492,
        "f1_AU12": 0.4351464435146444,
        "f1_AU15": 0.11176470588235295,
        "f1_AU23": 0.13333333333333333,
        "f1_AU24": 0.07126948775055679,
        "f1_AU25": 0.18020417221482468,
        "f1_AU26": 0.0782608695652174,
        "macro_au_f1": 0.23711499980780626
      },
      "parse_failure_pct": 4.1
    },
    "affwild2-omni_expr-think_val": {
      "n_samples": 224,
      "n_valid": 200,
      "n_metric_valid": 200,
      "n_parse_failures": 24,
      "format_compliance_rate": 0.8929,
      "metrics": {
        "macro_f1": 0.3664261939433564,
        "f1_neutral": 0.6428571428571429,
        "f1_anger": 0.2608695652173913,
        "f1_disgust": 0.42857142857142855,
        "f1_fear": 0.36363636363636365,
        "f1_happiness": 0.631578947368421,
        "f1_sadness": 0.3181818181818182,
        "f1_surprise": 0.2857142857142857,
        "f1_other": 0.0
      },
      "parse_failure_pct": 10.7
    },
    "affwild2-omni_expr_val": {
      "n_samples": 1028,
      "n_valid": 792,
      "n_metric_valid": 792,
      "n_parse_failures": 236,
      "format_compliance_rate": 0.7704,
      "metrics": {
        "macro_f1": 0.11871704855146605,
        "f1_neutral": 0.31086142322097376,
        "f1_anger": 0.0,
        "f1_disgust": 0.0,
        "f1_fear": 0.0,
        "f1_happiness": 0.2962962962962963,
        "f1_sadness": 0.08888888888888889,
        "f1_surprise": 0.20105820105820105,
        "f1_other": 0.05263157894736842
      },
      "parse_failure_pct": 23.0
    },
    "affwild2-omni_va_val": {
      "n_samples": 3000,
      "n_valid": 1895,
      "n_metric_valid": 1895,
      "n_parse_failures": 1105,
      "format_compliance_rate": 0.6317,
      "metrics": {
        "ccc_valence": 0.3111432573325823,
        "ccc_arousal": 0.36336692602240417,
        "ccc_mean": 0.33725509167749324
      },
      "parse_failure_pct": 36.8
    },
    "emotic-vlm_discrete_test": {
      "n_samples": 3000,
      "n_valid": 2124,
      "n_metric_valid": 2124,
      "n_parse_failures": 876,
      "format_compliance_rate": 0.708,
      "metrics": {
        "ap_affection": 0.17709797043023776,
        "f1_affection": 0.18292682926829268,
        "ap_anger": 0.09710370803298915,
        "f1_anger": 0.2191780821917808,
        "ap_annoyance": 0.0565458796025716,
        "f1_annoyance": 0.03125,
        "ap_anticipation": 0.4864831343622056,
        "f1_anticipation": 0.18896321070234115,
        "ap_aversion": 0.03389830508474576,
        "f1_aversion": 0.0,
        "ap_confidence": 0.46676344899122607,
        "f1_confidence": 0.0702439024390244,
        "ap_disapproval": 0.0636811399523264,
        "f1_disapproval": 0.08928571428571429,
        "ap_disconnection": 0.18492210969264855,
        "f1_disconnection": 0.1955193482688391,
        "ap_disquietment": 0.13067681966560268,
        "f1_disquietment": 0.08176100628930817,
        "ap_doubt_confusion": 0.16115266728160194,
        "f1_doubt_confusion": 0.02857142857142857,
        "ap_embarrassment": 0.034493012191495684,
        "f1_embarrassment": 0.09090909090909091,
        "ap_engagement": 0.81019833035582,
        "f1_engagement": 0.6905019862766342,
        "ap_esteem": 0.1285310734463277,
        "f1_esteem": 0.0,
        "ap_excitement": 0.5399149279138367,
        "f1_excitement": 0.49577098243331164,
        "ap_fatigue": 0.06640145234586096,
        "f1_fatigue": 0.06622516556291391,
        "ap_fear": 0.06383290069730749,
        "f1_fear": 0.07692307692307693,
        "ap_happiness": 0.5748525817813184,
        "f1_happiness": 0.46431146359048303,
        "ap_pain": 0.08763026583621404,
        "f1_pain": 0.24691358024691357,
        "ap_peace": 0.15950566556281168,
        "f1_peace": 0.17543859649122806,
        "ap_pleasure": 0.3190535698617922,
        "f1_pleasure": 0.2950474183350896,
        "ap_sadness": 0.1938556646510508,
        "f1_sadness": 0.3969465648854962,
        "ap_sensitivity": 0.030854856066720473,
        "f1_sensitivity": 0.06944444444444445,
        "ap_suffering": 0.14416169530137968,
        "f1_suffering": 0.3064516129032258,
        "ap_surprise": 0.07325800376647834,
        "f1_surprise": 0.1646090534979424,
        "ap_sympathy": 0.10290292400842772,
        "f1_sympathy": 0.10679611650485436,
        "ap_yearning": 0.06497175141242938,
        "f1_yearning": 0.0,
        "mAP": 0.20202860993443947,
        "mean_jaccard": 0.22989701630238352
      },
      "parse_failure_pct": 29.2
    },
    "emotic-vlm_vad_test": {
      "n_samples": 3000,
      "n_valid": 1890,
      "n_metric_valid": 1890,
      "n_parse_failures": 1110,
      "format_compliance_rate": 0.63,
      "metrics": {
        "aae_valence": 1.0228218694885363,
        "aae_arousal": 1.2579541446208113,
        "aae_dominance": 1.3747442680776012,
        "aae_mean": 1.218506760728983
      },
      "parse_failure_pct": 37.0
    },
    "gazefollow-vlm_val": {
      "n_samples": 3000,
      "n_valid": 1471,
      "n_metric_valid": 1471,
      "n_parse_failures": 1529,
      "format_compliance_rate": 0.4903,
      "metrics": {
        "min_dist": 0.26225397940597,
        "avg_dist": 0.35345385888783276,
        "auc": 0.6674824907918586,
        "min_angular_error": 44.05412673287909,
        "avg_angular_error": 61.06771367039766
      },
      "parse_failure_pct": 51.0
    },
    "meld-omni_audio-only_test": {
      "n_samples": 2602,
      "n_valid": 2597,
      "n_metric_valid": 2597,
      "n_parse_failures": 5,
      "format_compliance_rate": 0.9981,
      "metrics": {
        "weighted_f1": 0.5075555298581087,
        "macro_f1": 0.3183353313378069,
        "f1_anger": 0.3346774193548387,
        "f1_disgust": 0.0547945205479452,
        "f1_fear": 0.12121212121212122,
        "f1_joy": 0.434010152284264,
        "f1_neutral": 0.7032679738562092,
        "f1_sadness": 0.2946708463949843,
        "f1_surprise": 0.2857142857142857
      },
      "parse_failure_pct": 0.2
    },
    "meld-omni_video-audio_test": {
      "n_samples": 2602,
      "n_valid": 2602,
      "n_metric_valid": 2602,
      "n_parse_failures": 0,
      "format_compliance_rate": 1.0,
      "metrics": {
        "weighted_f1": 0.4989140754387832,
        "macro_f1": 0.30513362076251954,
        "f1_anger": 0.39267886855241263,
        "f1_disgust": 0.0,
        "f1_fear": 0.1111111111111111,
        "f1_joy": 0.39657631954350925,
        "f1_neutral": 0.6930628272251309,
        "f1_sadness": 0.29375,
        "f1_surprise": 0.24875621890547264
      },
      "parse_failure_pct": 0.0
    },
    "meld-omni_video-transcript_test": {
      "n_samples": 2579,
      "n_valid": 477,
      "n_metric_valid": 477,
      "n_parse_failures": 2102,
      "format_compliance_rate": 0.185,
      "metrics": {
        "weighted_f1": 0.3240711813730857,
        "macro_f1": 0.21498558804573514,
        "f1_anger": 0.16494845360824742,
        "f1_disgust": 0.16666666666666666,
        "f1_fear": 0.1111111111111111,
        "f1_joy": 0.2723404255319149,
        "f1_neutral": 0.4889975550122249,
        "f1_sadness": 0.1518987341772152,
        "f1_surprise": 0.14893617021276595
      },
      "parse_failure_pct": 81.5
    },
    "mmew_apex-au_val": {
      "n_samples": 56,
      "n_valid": 56,
      "n_metric_valid": 56,
      "n_parse_failures": 0,